Transportation,0.005848261
Electricity,-0.25423656
Industry,0.002869986
Agriculture,0.042254338
Commercial,0.070181433
Residential,0.032275718
