Transportation,Electricity,Industry,Agriculture,Commercial,Residential
0.005848261,-0.25423656,0.002869986,0.042254338,0.070181433,0.032275718
